gate	title	status	detail	seconds
G0	repo integrity	PASS	12 modules byte-identical to manifest	0.0
G1	environment	PASS	6/6 critical pins match, 34 total in lock	0.0
G2	embedding alignment (self_cos >= 0.98)	PASS	n=1000 worst=1.000000 mean=1.000000 below_0.98=0 (<0.999: 0, <0.9999: 0) | random-pair control mean=0.4094 max=0.7161 | mismatch control (bare fastembed, n=128): worst=0.7671 mean=0.8648 -> correctly FAILS 0.98	125.2
G3	chunking parameters	PASS	36 articles / 149 passages: 160w windows, 40w overlap, caps respected	0.0
G4	index integrity (four-way row-index join)	PASS	all four = 2,028,337; ids 0..2028336; 7 sources; npy size exact	15.8
G5	llama.cpp aarch64 repack kernels	PASS	CPU_REPACK active, kernels ['q4_K_8x4', 'q6_K_8x4']	3.9
G6	corpus integrity (41 archives)	PASS	41/41 archives verified (size+uuid)	2.7
G7	retrieval golden set (determinism)	PASS	12/12 queries reproduce identical passages (title+source+text hash)	67.6
G8	generation determinism (byte-identical decode)	PASS	3 prompts x fresh load, llama-cpp-python 0.3.23 | all byte-identical to golden	28.8
