sha256	size_bytes	module
e91a2e8132e17c8b846af198c121474b68c2d3d02caad5cec382a475f97f2fce	12174	archive_registry.py
99671592dcd9297a9adc98fb5b9bfbbde003e6d6771d48ad914d767853ced724	18314	chat_ui.py
786a8917a652c68e3ead36d5de83e3a116bc5466815773b8e2ed91112acbcc4a	10444	compute.py
3a8825117242d1ee54c1f76066ffccd1c7cd81d5b8cbc8d206cc1d8c09ae7c2b	3829	deliberate.py
ef2b9738281727821d805504989ac11ed355591aa7242c8a088526dce88a2490	2114	embedder.py
5981f0c8611ba1dc17da203de4c27484899c4b877713111e0fa28b9779624106	989	instrumentation.py
21715e99203ec77507ea4dc890f8380bc5b6734b92c91068c3ad182e9e2915d2	970	main.py
656625f7e191c5d6bac733ced2875f8fc379d88bddce11cba3c5e4dff658b892	3089	md_render.py
428d67d6b3a3978a00015e0b83bf5a4bde96ce8f14b9f632e02d2a004af82e03	39292	model_engine.py
4cf4d9d514e9d1c2e4dda9dde059114a7369c379e0cafaa8b418b6fc87c62bb5	2023	reranker.py
d7e8c0752687658c2a76df733bfa1f4f415f8d1694d4aefca47bcc9d9e3f48e2	32319	retriever.py
2281c97e323b1ee1ee24a192a829d020995b08f22193a1d34b5c5e2123c0005d	4417	router.py
